ID,NAME,PASSWORD,DATE OF BIRTH,SEX,EMAIL-ID
1,Lucas Digne,xyz,11-01-1994,M,lesbleus@fff.fr
1,Antoine Griezmann,xyz,11-01-1994,M,lesbleus@fff.fr
2,Hugo Lloris,xyz,11-01-1994,M,lesbleus@fff.fr
3,Kylian MbappÃ©,xyz,11-01-1994,M,lesbleus@fff.fr
4,Laurent Koscielny,xyz,11-01-1994,M,lesbleus@fff.fr
5,N'Golo KantÃ©,xyz,11-01-1994,M,lesbleus@fff.fr
6,Olivier Giroud,xyz,11-01-1994,M,lesbleus@fff.fr
7,Ousmane DembÃ©lÃ©,xyz,11-01-1994,M,lesbleus@fff.fr
8,Paul Pogba,xyz,11-01-1994,M,lesbleus@fff.fr
9,Olivier Giroud,xyz,11-01-1994,M,lesbleus@fff.fr
